{
  "schema": "dog2_stage2_stand_v1",
  "description": "World positions (m) at canonical stand q; rail parent matches explicit leg_mount topology",
  "q_freeflyer": [
    0.0,
    0.0,
    0.4,
    0.0,
    0.0,
    0.0,
    1.0
  ],
  "leg_js": {
    "lf": [
      0.0,
      0.0,
      0.3,
      -0.5
    ],
    "lh": [
      0.0,
      0.0,
      0.3,
      -0.5
    ],
    "rh": [
      0.0,
      0.0,
      0.3,
      -0.5
    ],
    "rf": [
      0.0,
      0.0,
      0.3,
      -0.5
    ]
  },
  "tol_m": 1e-05,
  "hip_world": {
    "lf": [
      -0.140375,
      -0.11499999999999999,
      0.41990000000000005
    ],
    "lh": [
      0.138125,
      -0.11499999999999999,
      0.41990000000000005
    ],
    "rh": [
      0.13812499999999997,
      0.11499999999999999,
      0.41990000000000005
    ],
    "rf": [
      -0.131475,
      0.11499999999999999,
      0.41990000000000005
    ]
  },
  "foot_world": {
    "lf": [
      -0.11386767086545363,
      -0.11840000000000017,
      0.03069754374334588
    ],
    "lh": [
      0.16463232913454634,
      -0.11840000000000017,
      0.03069754374334588
    ],
    "rh": [
      0.16463232913454628,
      0.11639999999999981,
      0.030697543743345823
    ],
    "rf": [
      -0.10492617713090349,
      0.11639999999999981,
      0.03066566475350807
    ]
  }
}
